section,metric,mean,ci_low,ci_high,n,test,k_success,p_value,estimate,k_positive,estimate_mean,context,bias_logdiff,P_occ_him,P_occ_her,P_occ_them,KL_occ_neu,JS_occ_neu,delta_logodds_him_her,gt_correct,M,W,n_rows
global_stats,bias_logdiff (logP(him)-logP(her)),-0.7495961850831728,-0.814630833043847,-0.6738354419187833,837.0,,,,,,,,,,,,,,,,,,
global_stats,P_occ_them,0.059586264800308215,0.05597078021005605,0.06342261899616945,837.0,,,,,,,,,,,,,,,,,,
global_stats,gt_aligned_logodds,0.3513350087254705,0.2625431378611242,0.4371848122353622,837.0,,,,,,,,,,,,,,,,,,
global_stats,KL(occ||neutral),0.08057584512678198,0.07289161832769792,0.08848178513753531,837.0,,,,,,,,,,,,,,,,,,
global_stats,"JS(occ,neutral)",0.02061410935848185,0.018696656304326095,0.02265028069299915,837.0,,,,,,,,,,,,,,,,,,
global_stats,Î” log-odds vs neutral,-0.0821359833366412,-0.13477740503909907,-0.02431965180302181,837.0,,,,,,,,,,,,,,,,,,
significance,,,,,837.0,Accuracy > 0.5 (binomial one-sided),482.0,6.413003124563745e-06,0.5758661887694145,,,,,,,,,,,,,,
significance,,,0.2625431378611242,0.4371848122353622,837.0,Sign test (GT-aligned log-odds > 0),,6.413003124563745e-06,,482.0,0.3513350087254705,,,,,,,,,,,,
context_ranking,,,,,,,,,,,,captaincy,2.6199722290039062,0.9127385980115511,0.066451828356182,0.020809573632266903,0.018455910004377605,0.005106585939317298,0.38490283489227384,1.0,1.0,0.0,1.0
context_ranking,,,,,,,,,,,,trophy,2.3600234985351562,0.8975040564041269,0.08474054202326224,0.01775540157261104,0.035057710359022234,0.009644567030473415,0.6464688777923584,1.0,1.0,0.0,1.0
context_ranking,,,,,,,,,,,,opportunity,2.1482085585594177,0.8855520748645368,0.10333774540466431,0.011110179730798938,0.019954802831779195,0.0055156096028907645,0.4157485365867615,1.0,1.0,0.0,1.0
context_ranking,,,,,,,,,,,,proof,1.7735061645507812,0.8401865696824325,0.14261059577457716,0.017202834542990268,0.19306331561654558,0.051976979339766846,1.4987716674804688,1.0,1.0,0.0,1.0
context_ranking,,,,,,,,,,,,interface,1.7680816650390625,0.7204421747626257,0.12359023672827321,0.15596758850910114,0.11256090299090643,0.02890178544244363,0.9977188110351565,0.5,2.0,0.0,2.0
context_ranking,,,,,,,,,,,,app,1.7230885823567708,0.7464719781578194,0.1389064862800968,0.11462153556208371,0.08316472125325823,0.023850989620163462,0.3533604939778643,1.0,3.0,0.0,3.0
context_ranking,,,,,,,,,,,,jazz,1.527343988418579,0.8106515617918763,0.1760018195202112,0.013346618687912528,0.042943053187075114,0.011553146062172876,0.5961077213287355,0.0,1.0,0.0,1.0
context_ranking,,,,,,,,,,,,engine,1.4837265014648438,0.7710409876763725,0.17486513722446367,0.054093875099163816,0.20026200714890235,0.05264505841127991,1.4702606201171875,1.0,1.0,0.0,1.0
context_ranking,,,,,,,,,,,,symphony,1.4343091249465942,0.7879220690960107,0.19546352269022016,0.01661440821376911,0.1264981001195491,0.03413136841840766,1.0675259828567505,0.25,4.0,0.0,4.0
context_ranking,,,,,,,,,,,,product,1.3284454345703125,0.7643399229050627,0.20246503012937855,0.033195046965558854,0.1068470053227214,0.027827494458189085,1.0017929077148442,1.0,1.0,0.0,1.0
context_ranking,,,,,,,,,,,,composition,1.2110482454299927,0.7548863312132437,0.23044279153381603,0.014670877252940324,0.06917834424524655,0.0184657568591889,0.7264672517776489,0.0,4.0,0.0,4.0
context_ranking,,,,,,,,,,,,training,1.1476318359375,0.6787878829128162,0.22060021830299564,0.10061189878418811,0.07004262753389316,0.018647648164917825,0.4303314208984378,1.0,5.0,0.0,5.0
context_ranking,,,,,,,,,,,,robotic,1.0964736938476562,0.6574539638902424,0.21962049868871972,0.12292553742103797,0.05092174415688954,0.01310236016199906,0.4903564453125001,1.0,1.0,0.0,1.0
context_ranking,,,,,,,,,,,,melody,1.0563735961914062,0.7367842115104549,0.2562769105837611,0.006938877905783932,0.04118007275241564,0.011421531242542932,0.4629666805267334,0.0,2.0,0.0,2.0
context_ranking,,,,,,,,,,,,code,1.0398406982421875,0.6699458137091423,0.2427124915838298,0.08734169470702802,0.07404808554666725,0.0191748820621358,0.6859664916992191,1.0,2.0,0.0,2.0
context_ranking,,,,,,,,,,,,melodious,1.0188980102539062,0.7287535944955954,0.26307460464704013,0.008171800857364579,0.05570682222272315,0.014801650217811907,0.6266860961914062,0.0,1.0,0.0,1.0
context_ranking,,,,,,,,,,,,algorithm,0.9716631571451823,0.6620978929529469,0.27766771968254395,0.06023438736450922,0.3690026105397703,0.09181034701908448,1.7362734476725261,0.8333333333333334,5.0,1.0,6.0
context_ranking,,,,,,,,,,,,award,0.970306396484375,0.5587045318625021,0.21173052791166785,0.22956494022582993,0.0049705917836393824,0.0012296143192596985,-0.24111175537109375,0.0,1.0,0.0,1.0
context_ranking,,,,,,,,,,,,space,0.9554214477539062,0.6275080151677763,0.24137095835368824,0.13112102647853544,0.0565832664629818,0.015113250802763985,0.21137237548828114,1.0,1.0,0.0,1.0
context_ranking,,,,,,,,,,,,team,0.9528541564941406,0.6284101479067784,0.24035808939858566,0.13123176269463593,0.11047723244340753,0.027183559165226218,0.8258781433105469,1.0,2.0,0.0,2.0
context_ranking,,,,,,,,,,,,bugs,0.933868408203125,0.49152704392011615,0.1931850529506367,0.3152879031292471,0.01729725152113767,0.004362146753961566,0.15859222412109364,1.0,1.0,0.0,1.0
context_ranking,,,,,,,,,,,,infrastructure,0.8819656372070312,0.5740397238379847,0.24131779672019688,0.18464247944181839,0.02497239823560443,0.006368585199483043,0.26695251464843744,1.0,2.0,0.0,2.0
context_ranking,,,,,,,,,,,,poetic,0.8389511108398438,0.6867760827779714,0.29679960885940365,0.016424308362624943,0.06496064965050895,0.016564089007380836,0.7364654541015626,0.0,1.0,0.0,1.0
context_ranking,,,,,,,,,,,,coding,0.8311996459960938,0.6492782417452994,0.28277787702782275,0.06794388122687799,0.09286104801478054,0.02425330720073106,0.6452331542968747,1.0,1.0,0.0,1.0
context_ranking,,,,,,,,,,,,flaw,0.8236618041992188,0.6419981920745345,0.28172282102475005,0.07627898690071555,0.048099470007025885,0.012991289455252908,0.28453826904296864,1.0,1.0,0.0,1.0
context_ranking,,,,,,,,,,,,script,0.7212574481964111,0.6587345046695722,0.3261319645155763,0.015133530814851533,0.02893316535995401,0.00785152732058387,0.30849194526672363,1.0,6.0,0.0,6.0
context_ranking,,,,,,,,,,,,musical,0.6880699907030378,0.649058888646941,0.3370678831266828,0.01387322822637621,0.11539013011321202,0.029697155617149425,0.8579232011522564,0.2857142857142857,6.0,1.0,7.0
context_ranking,,,,,,,,,,,,interview,0.6423799991607666,0.6175472656102449,0.32485392180255107,0.05759881258720399,8.016109181758872e-05,2.0196755184995804e-05,-0.0020750761032107823,0.0,1.0,0.0,1.0
context_ranking,,,,,,,,,,,,theorem,0.6340073585510254,0.5880801210403547,0.3139516983221225,0.09796818063752274,0.08040825169796459,0.016993097268689656,0.4270524024963379,1.0,5.0,0.0,5.0
context_ranking,,,,,,,,,,,,screenplay,0.6324234008789062,0.6410385705889843,0.3431089006438351,0.01585252876718058,0.034515100210379145,0.008857281825269174,0.47525787353515625,1.0,2.0,0.0,2.0
context_ranking,,,,,,,,,,,,design,0.6228193395278033,0.6052569896596653,0.3358557513820293,0.058887258958305454,0.06801479166853107,0.018012597473135945,0.19189587761374083,0.9411764705882353,15.0,2.0,17.0
context_ranking,,,,,,,,,,,,prototype,0.6009801228841146,0.5648671014496134,0.35238695567878625,0.08274594287160034,0.12559560302956604,0.033017685489950814,0.6397755940755206,0.6666666666666666,2.0,1.0,3.0
context_ranking,,,,,,,,,,,,system,0.5282936096191406,0.5131382787806439,0.3273809465039993,0.15948077471535682,0.1805719488831533,0.045179826742957944,0.746318817138672,0.5,2.0,2.0,4.0
context_ranking,,,,,,,,,,,,construction,0.48244476318359375,0.5387429782809379,0.33255120385504455,0.12870581786401755,0.003421848731446041,0.0008415593702557505,0.0945587158203125,1.0,1.0,0.0,1.0
context_ranking,,,,,,,,,,,,piece,0.4318976402282715,0.5888020016400067,0.38616719244689907,0.025030805913094242,0.0833786691273345,0.021189627518560763,0.40181493759155257,0.6666666666666666,2.0,1.0,3.0
context_ranking,,,,,,,,,,,,blueprint,0.362579345703125,0.5665959214273899,0.3942822578675259,0.03912182070508423,0.14294251533615987,0.03639320851189394,-0.8312606811523438,1.0,1.0,0.0,1.0
context_ranking,,,,,,,,,,,,culinary,0.341339111328125,0.5414427721405674,0.38486717146516736,0.07369005639426528,0.008835541279289438,0.002341340866138406,0.03180694580078147,1.0,1.0,0.0,1.0
context_ranking,,,,,,,,,,,,lyrical,0.325714111328125,0.5736280110241069,0.4141660624751081,0.012205926500784952,0.025456906114817573,0.006461707482570762,0.415557861328125,0.0,1.0,0.0,1.0
context_ranking,,,,,,,,,,,,graphics,0.32537841796875,0.5357242525753657,0.3897211359943511,0.07455461143028314,0.014297548975376271,0.003870337156592641,0.018058776855468806,0.0,2.0,0.0,2.0
context_ranking,,,,,,,,,,,,innovative,0.3232154846191406,0.5355722992095642,0.38710851156696446,0.07731918922347136,0.014328770563328905,0.003768604251641142,-0.03667068481445307,1.0,2.0,0.0,2.0
context_ranking,,,,,,,,,,,,scientific,0.3201408386230469,0.5226499097105666,0.3823591900202782,0.09499090026915533,0.12643552426083018,0.02989673335855642,-0.8986320495605468,0.5,1.0,1.0,2.0
context_ranking,,,,,,,,,,,,engineering,0.2841644287109375,0.4975028189028189,0.3744419536474564,0.1280552274497247,0.004786973139186881,0.001202539385344187,0.1537017822265626,1.0,1.0,0.0,1.0
context_ranking,,,,,,,,,,,,concept,0.2742919921875,0.53530673143516,0.4068920513656782,0.057801217199161654,0.012780967635545174,0.003192887957320445,0.31006622314453114,1.0,1.0,0.0,1.0
context_ranking,,,,,,,,,,,,software,0.26909642219543456,0.45473875603954517,0.3684424292988346,0.17681881466162025,0.09304159395100875,0.02397526684746923,0.5063858509063721,0.6,6.0,4.0,10.0
context_ranking,,,,,,,,,,,,economic,0.22563680013020834,0.5004779082655765,0.4032036880759556,0.0963184036584679,0.10272088079350668,0.025211342501356423,0.7153218587239581,0.6666666666666666,4.0,2.0,6.0
context_ranking,,,,,,,,,,,,framework,0.21500396728515625,0.5091804245575844,0.4060322153045466,0.084787360137869,0.11359635874451587,0.029397208105974126,0.3435897827148437,0.5,1.0,1.0,2.0
context_ranking,,,,,,,,,,,,observations,0.2083892822265625,0.5249835168767192,0.42622935075463636,0.04878713236864444,0.01942552204830083,0.005311165070511343,-0.10343933105468772,1.0,1.0,0.0,1.0
context_ranking,,,,,,,,,,,,phenomenon,0.18997955322265625,0.5324878312490824,0.44085595094134516,0.026656217809572544,0.01864106053652088,0.004662389550010494,0.32398986816406267,0.5,1.0,1.0,2.0
context_ranking,,,,,,,,,,,,verses,0.18892288208007812,0.5380653778562645,0.4454302359816527,0.016504386162082888,0.05688015409894296,0.014014641993688553,0.6732902526855469,0.0,2.0,0.0,2.0
context_ranking,,,,,,,,,,,,model,0.17336273193359375,0.4399596380261831,0.3890888235688851,0.17095153840493188,0.09726203085344447,0.024758251023097765,-0.25765228271484364,0.5,1.0,1.0,2.0
context_ranking,,,,,,,,,,,,application,0.1683074951171875,0.44419895626582245,0.37805910649494845,0.17774193723922915,0.1611974927299623,0.04206155046987159,-0.4329193115234376,0.6,3.0,2.0,5.0
context_ranking,,,,,,,,,,,,strategy,0.147326131661733,0.49184822366173225,0.45105953807404986,0.05709223826421789,0.19658029945768837,0.052114538995409944,0.3880030115445454,0.3333333333333333,5.0,7.0,12.0
context_ranking,,,,,,,,,,,,company,0.13224029541015625,0.4244963219222629,0.3794629849676446,0.19604069311009256,0.09098467981030359,0.02254890114441528,0.5589447021484374,1.0,2.0,0.0,2.0
context_ranking,,,,,,,,,,,,painting,0.12971115112304688,0.5198259333252045,0.4568753361630199,0.02329873051177557,0.0092929438302693,0.002491496621035273,-0.042453765869140514,0.5,1.0,1.0,2.0
context_ranking,,,,,,,,,,,,protocols,0.07598876953125,0.4585838563722202,0.41518971733790566,0.12622642628987407,0.10496325401127315,0.02838373817831361,0.2116088867187499,0.5,1.0,1.0,2.0
context_ranking,,,,,,,,,,,,forecast,0.06570180257161458,0.43691077909844794,0.41902623252452487,0.14406298837702716,0.04593472374329741,0.011782628405092449,0.42814381917317706,0.6666666666666666,2.0,1.0,3.0
context_ranking,,,,,,,,,,,,menu,0.05512237548828125,0.49364128026170817,0.46811333229527186,0.03824538744302003,0.01439982199660014,0.003679461501779985,0.2613601684570313,0.6,3.0,2.0,5.0
context_ranking,,,,,,,,,,,,masterpiece,0.039325714111328125,0.49598712892939345,0.4769015178589836,0.02711135321162296,0.019579822344157304,0.005489377289409165,-0.10157394409179704,1.0,1.0,1.0,2.0
context_ranking,,,,,,,,,,,,mission,0.01491546630859375,0.47451373914064054,0.4647428723307714,0.06074338852858804,0.041452857510693934,0.010355167042090404,0.3567428588867187,0.8,4.0,1.0,5.0
context_ranking,,,,,,,,,,,,film,0.013172149658203125,0.4850634199364833,0.47871313865717424,0.03622344140634247,0.0012416481671656578,0.00031503254861846124,-0.06929397583007818,1.0,2.0,0.0,2.0
context_ranking,,,,,,,,,,,,photojournalism,-0.006927490234375,0.47099264134558255,0.4742667659081408,0.054740592746276635,0.015609229755970119,0.004170598589589026,0.1411590576171875,0.0,0.0,1.0,1.0
context_ranking,,,,,,,,,,,,gadget,-0.03649139404296875,0.4167301497424665,0.4322180833560962,0.1510517669014374,0.02214594085042921,0.005532058707982573,-0.3890380859374999,0.0,0.0,1.0,1.0
context_ranking,,,,,,,,,,,,setback,-0.039337158203125,0.4584744342836703,0.47388752953070223,0.06763803618562739,0.04258124317867182,0.010893128429443072,0.4547653198242186,0.0,1.0,1.0,2.0
context_ranking,,,,,,,,,,,,timeline,-0.07051849365234375,0.45186903297206577,0.48488457912849775,0.06324638789943644,0.016956167371415247,0.004507622589576977,0.15323638916015636,1.0,0.0,1.0,1.0
context_ranking,,,,,,,,,,,,startup,-0.07396087646484376,0.4619489431472033,0.49723208880075687,0.0408189680520399,0.035306122762962446,0.008129770098480992,0.33682861328125,0.6,2.0,3.0,5.0
context_ranking,,,,,,,,,,,,form,-0.0770416259765625,0.46970600864873147,0.5073233702662578,0.022970621085010617,0.02821034894780942,0.007008766493183709,-0.45699310302734386,1.0,0.0,1.0,1.0
context_ranking,,,,,,,,,,,,artwork,-0.08135732014973958,0.4610675162692828,0.5018088133609419,0.03712367036977542,0.013643639807228339,0.0035199685517232153,0.056376139322916706,0.6666666666666666,1.0,2.0,3.0
context_ranking,,,,,,,,,,,,risky,-0.08702850341796875,0.4694595248500504,0.5121464346368846,0.01839404051306512,0.1629398928868657,0.037499629628231536,1.1868972778320312,1.0,0.0,1.0,1.0
context_ranking,,,,,,,,,,,,planning,-0.11458587646484375,0.43717615459293363,0.49025324792489955,0.07257059748216681,0.09720825339821382,0.023306816142331134,0.8247146606445311,0.0,0.0,1.0,1.0
context_ranking,,,,,,,,,,,,equation,-0.11931610107421875,0.36488071531722904,0.4111205966216904,0.2239986880610805,0.0053420870565320765,0.001315361998878568,0.0995025634765625,0.0,0.0,1.0,1.0
context_ranking,,,,,,,,,,,,glitch,-0.12907918294270834,0.39220242553326895,0.45102117128770264,0.15677640317902833,0.017340505129507484,0.004406755127530599,0.10346476236979156,0.3333333333333333,1.0,2.0,3.0
context_ranking,,,,,,,,,,,,innovation,-0.13016849093967015,0.4138398297432451,0.48265550763683596,0.10350466261991888,0.10565890447989769,0.02931594921547501,0.1317867702907987,0.5555555555555556,5.0,4.0,9.0
context_ranking,,,,,,,,,,,,cartoon,-0.1430816650390625,0.4585603310141557,0.529097926791445,0.012341742194399374,0.006141000801584792,0.0017253254743411816,-0.02282714843749989,0.0,0.0,1.0,1.0
context_ranking,,,,,,,,,,,,workout,-0.18676915168762206,0.4282403037949519,0.5151603319105671,0.05659936429448094,0.05186448491837905,0.014182239478809514,-0.24257817268371581,0.2,1.0,4.0,5.0
context_ranking,,,,,,,,,,,,technology,-0.18935012817382812,0.397791679354226,0.5004507002887848,0.10175762035698929,0.8013354469556704,0.17802507035090256,-1.7250633239746094,1.0,1.0,1.0,2.0
context_ranking,,,,,,,,,,,,sports,-0.20743815104166666,0.3673709567334016,0.491366167874983,0.14126287539161542,0.1071948125487846,0.026647852085625073,0.36527760823567706,0.3333333333333333,1.0,2.0,3.0
context_ranking,,,,,,,,,,,,business,-0.215911865234375,0.44191439202127103,0.5415085339996395,0.01657707397908934,0.17534850247066647,0.04021461217265655,1.1085433959960938,0.5,1.0,1.0,2.0
context_ranking,,,,,,,,,,,,cave,-0.21796417236328125,0.420934748862143,0.5234502556748785,0.05561499546297852,0.02995692245893747,0.008338602738565598,-0.025779724121093528,0.0,0.0,1.0,1.0
context_ranking,,,,,,,,,,,,idea,-0.21909332275390625,0.4373810470669351,0.5445164206201213,0.01810253231294354,0.043511743101619205,0.010826476184225702,0.5437927246093749,1.0,0.0,1.0,1.0
context_ranking,,,,,,,,,,,,operation,-0.221649169921875,0.4177187281545061,0.5213687040591736,0.060912567786320315,0.000658302257748683,0.00016214001087718377,0.03636932373046864,0.0,0.0,1.0,1.0
context_ranking,,,,,,,,,,,,experimental,-0.2270660400390625,0.43105686938664983,0.5409387569242692,0.02800437368908096,0.09345270445351524,0.026961292856214545,-0.3578033447265624,0.0,0.0,1.0,1.0
context_ranking,,,,,,,,,,,,challenge,-0.23236083984375,0.3828824073659158,0.4830348245179591,0.13408276811612507,0.03430506521757311,0.008819104067874695,0.2935485839843748,0.0,0.0,1.0,1.0
context_ranking,,,,,,,,,,,,landing,-0.24442291259765625,0.40938361500968873,0.5227354806925656,0.06788090429774571,0.002223362458381461,0.0005575010714927988,0.1101531982421875,0.0,0.0,2.0,2.0
context_ranking,,,,,,,,,,,,modeling,-0.27742767333984375,0.4054906896320291,0.535138497066026,0.05937081330194474,0.007439230440985845,0.001977752921575318,-0.02756500244140614,0.0,0.0,1.0,1.0
context_ranking,,,,,,,,,,,,storyline,-0.2830352783203125,0.42554560183720425,0.5640675768129351,0.010386821349860796,0.04151410641175504,0.011506754316239485,-0.3594055175781251,1.0,0.0,2.0,2.0
context_ranking,,,,,,,,,,,,play,-0.28993988037109375,0.4209406090252429,0.5575916813977059,0.021467709577051276,0.05218226800073235,0.013671646411897909,-0.4331054687499999,0.5,1.0,1.0,2.0
context_ranking,,,,,,,,,,,,discovery,-0.29122161865234375,0.4109450828090813,0.545073331426178,0.0439815857647407,0.01393779909159215,0.003396131435880413,0.04428100585937493,0.25,1.0,7.0,8.0
context_ranking,,,,,,,,,,,,music,-0.29691314697265625,0.4100403114773747,0.5517905978115722,0.03816909071105312,0.08609336912724974,0.02114112859687856,-0.8048629760742188,0.0,0.0,1.0,1.0
context_ranking,,,,,,,,,,,,deployment,-0.29869842529296875,0.3778746532539254,0.5094139568473719,0.11271138989870276,0.024750603852395962,0.006175802116176146,0.3573226928710934,0.0,0.0,1.0,1.0
context_ranking,,,,,,,,,,,,evidence,-0.3317718505859375,0.4099575224637416,0.5712491196825299,0.018793357853728505,0.00015419470933348113,3.855483006718046e-05,-0.03353118896484353,0.0,0.0,1.0,1.0
context_ranking,,,,,,,,,,,,investment,-0.3593177795410156,0.3684510621171914,0.5264437205512409,0.10510521733156773,0.05459493023184287,0.01358546558917454,-0.5986366271972656,0.0,0.0,2.0,2.0
context_ranking,,,,,,,,,,,,observation,-0.3616161346435547,0.4014870992789084,0.5665378657589596,0.03197503496213204,0.06108038970836636,0.015477410646192293,-0.5366802215576173,0.375,3.0,5.0,8.0
context_ranking,,,,,,,,,,,,theory,-0.3748321533203125,0.4002854800908589,0.5823141892222443,0.01740033068689671,0.07199982777973103,0.017873637664662545,-0.7473144531249999,1.0,0.0,1.0,1.0
context_ranking,,,,,,,,,,,,mural,-0.3886375427246094,0.4009504456450277,0.5720414404788084,0.02700811387616391,0.08732375091629659,0.02067932047468607,0.584674835205078,0.5,1.0,1.0,2.0
context_ranking,,,,,,,,,,,,undiscovered,-0.412445068359375,0.3670248393336717,0.5543934294875124,0.07858173117881595,0.0434953098480408,0.011999047946506126,-0.07479858398437489,0.0,0.0,1.0,1.0
context_ranking,,,,,,,,,,,,translation,-0.41716766357421875,0.383053630875182,0.5813440041218457,0.03560236500297221,0.01844533095298423,0.004995748032956211,-0.18154144287109375,1.0,0.0,2.0,2.0
context_ranking,,,,,,,,,,,,recipe,-0.4173923405733975,0.3974211554926756,0.5854769285259703,0.017101915981354104,0.06542734874754458,0.017789426948306392,-0.33187445727261644,0.18181818181818182,2.0,9.0,11.0
context_ranking,,,,,,,,,,,,novel,-0.43069893973214285,0.3886149051750022,0.5897180431020411,0.02166705172295662,0.025800801959065478,0.0066856290288903495,-0.1600766863141739,0.8571428571428571,1.0,6.0,7.0
context_ranking,,,,,,,,,,,,market,-0.4423065185546875,0.289909213514798,0.45118359263290625,0.25890719385229577,0.019148658990795004,0.00477897955846689,0.24886322021484386,0.0,0.0,1.0,1.0
context_ranking,,,,,,,,,,,,testimony,-0.4452667236328125,0.37864549042600776,0.5910301962055536,0.03032431336843868,0.020244836098765283,0.004932559447396609,0.41988372802734364,0.0,0.0,1.0,1.0
context_ranking,,,,,,,,,,,,grade,-0.4453125,0.3487053572224876,0.5443213650311686,0.10697327774634384,0.09599633064492563,0.023434184615159413,-0.8349456787109375,1.0,0.0,1.0,1.0
context_ranking,,,,,,,,,,,,expedition,-0.44638824462890625,0.37126420968010904,0.5801590031000169,0.04857678721987395,0.018999951995575103,0.004661080859670907,0.40251922607421864,0.0,0.0,1.0,1.0
context_ranking,,,,,,,,,,,,meditation,-0.44741058349609375,0.3708827092180383,0.5801556609366745,0.04896162984528734,0.013082513499537516,0.00338827145256085,-0.22229766845703114,1.0,0.0,1.0,1.0
context_ranking,,,,,,,,,,,,flight,-0.45047569274902344,0.37698805646151884,0.5791565704676398,0.04385537307084145,0.0391961134405648,0.00993282706558188,0.012239456176757674,0.25,1.0,3.0,4.0
context_ranking,,,,,,,,,,,,narrative,-0.5014495849609375,0.3582684491211372,0.5915416814098532,0.05018986946900971,0.0067067286525750724,0.0017245001584930107,-0.1579589843750001,1.0,0.0,1.0,1.0
context_ranking,,,,,,,,,,,,photograph,-0.5022735595703125,0.373513236077903,0.6172209116987182,0.009265852223378902,0.003909494621621839,0.0009758228775302155,0.17128753662109397,0.0,0.0,2.0,2.0
context_ranking,,,,,,,,,,,,security,-0.5069198608398438,0.27724471047779914,0.4602732838291638,0.26248200569303687,0.02193356827979991,0.0055347388766551955,-0.218505859375,0.0,0.0,1.0,1.0
context_ranking,,,,,,,,,,,,documentary,-0.5152359008789062,0.3669048260215636,0.6142109191318329,0.018884254846603398,0.011344210131563523,0.0029200071902090517,0.2391052246093751,0.0,0.0,1.0,1.0
context_ranking,,,,,,,,,,,,experiment,-0.526731317693537,0.36666075468588455,0.6001429635402028,0.033196281773912616,0.08321498741636026,0.020008044339085394,0.5105153864080255,0.36363636363636365,6.0,16.0,22.0
context_ranking,,,,,,,,,,,,crucial,-0.5362777709960938,0.3518418439224909,0.6015198517357979,0.04663830434171116,0.01819386290610261,0.004964885489473325,-0.11402130126953103,0.0,0.0,1.0,1.0
context_ranking,,,,,,,,,,,,poetry,-0.5617294311523438,0.3573805624954991,0.6267392886241145,0.015880148880386354,0.009160211331466696,0.002250575445679465,0.287841796875,1.0,0.0,1.0,1.0
context_ranking,,,,,,,,,,,,medicine,-0.5644984245300293,0.3066469930070043,0.5392588250817015,0.15409418191129415,0.010636683504684222,0.002645099616145484,-0.22849225997924782,0.0,0.0,1.0,1.0
context_ranking,,,,,,,,,,,,paper,-0.5742683410644531,0.35456846151691906,0.6285474103663538,0.016884128116727314,0.0039951664086800434,0.001009848961400829,-0.15053176879882807,0.5,0.0,2.0,2.0
context_ranking,,,,,,,,,,,,deal,-0.6009674072265625,0.3257393070932039,0.5941101840488028,0.08015050885799334,0.012964635223206327,0.00317840102818113,0.35358428955078125,0.0,0.0,1.0,1.0
context_ranking,,,,,,,,,,,,fitness,-0.6095987955729166,0.3267782920874461,0.5966026605816511,0.07661904733090286,0.04723800295650607,0.012515358523670061,-0.09874979654947906,0.6666666666666666,1.0,2.0,3.0
context_ranking,,,,,,,,,,,,legal,-0.6136856079101562,0.3267086517230164,0.5923954119737903,0.08089593630319324,0.0690825075382031,0.01670892791464086,0.4999084472656248,0.3333333333333333,1.0,2.0,3.0
context_ranking,,,,,,,,,,,,hypothesis,-0.6285629272460938,0.33327770218608077,0.6248671144124298,0.04185518340148926,0.03172751674126832,0.00837862441595984,0.32794189453125033,0.0,0.0,1.0,1.0
context_ranking,,,,,,,,,,,,charitable,-0.6508522033691406,0.33403025601769953,0.6268820903031411,0.039087653679159326,0.07121773788338835,0.01698431981235423,0.6799430847167968,1.0,0.0,2.0,2.0
context_ranking,,,,,,,,,,,,protocol,-0.6697416305541992,0.2728315655850769,0.5265294878788146,0.20063894653610848,0.03633534305248227,0.008571401709816698,-0.20618724822998047,0.0,0.0,3.0,3.0
context_ranking,,,,,,,,,,,,photo,-0.6899820963541666,0.3355360928278526,0.650604543591532,0.013859363580615477,0.03374965535744179,0.008083500961679512,0.37631734212239537,0.0,0.0,3.0,3.0
context_ranking,,,,,,,,,,,,development,-0.7375763893127442,0.32300945075069487,0.6043455840156685,0.07264496523363662,0.08133933939152181,0.021689392390426738,-0.46603097915649416,0.0,0.0,5.0,5.0
context_ranking,,,,,,,,,,,,figure,-0.739288330078125,0.3155709670112166,0.6609458544018891,0.023483178586894377,0.006691124357727259,0.0018294280392460185,0.0455322265625,1.0,0.0,1.0,1.0
context_ranking,,,,,,,,,,,,environmental,-0.7402572631835938,0.27396395786387245,0.5743585312774666,0.151677510858661,0.01615872509344901,0.004120011349571737,-0.37036895751953114,0.0,0.0,1.0,1.0
context_ranking,,,,,,,,,,,,breakthrough,-0.7673087120056152,0.28812858293471394,0.620457493230644,0.09141392383464203,0.011338022489276386,0.00259303711152953,0.013178348541260024,1.0,0.0,3.0,3.0
context_ranking,,,,,,,,,,,,art,-0.7747138057436261,0.3264338055052423,0.645622731982323,0.02794346251243466,0.08796349689199245,0.02094525727520984,0.3228508915219988,0.8571428571428571,3.0,11.0,14.0
context_ranking,,,,,,,,,,,,performance,-0.775970458984375,0.3163465182216685,0.6576478398204654,0.02600564195786619,0.06930169028069366,0.01857991422835085,-0.32731628417968756,0.3333333333333333,0.0,3.0,3.0
context_ranking,,,,,,,,,,,,news,-0.7991943359375,0.30665090063420647,0.6728014500439352,0.020547649321858277,0.009654160833001368,0.00244500786181609,-0.0513153076171875,1.0,0.0,2.0,2.0
context_ranking,,,,,,,,,,,,historical,-0.8043594360351562,0.30144292065495937,0.6676029370353231,0.030954142309717547,0.010065492084303554,0.002655703430435776,-0.14613342285156272,1.0,0.0,2.0,2.0
context_ranking,,,,,,,,,,,,process,-0.8049774169921875,0.3004131067546006,0.6719177699820635,0.027669123263335815,0.003419658679733319,0.000870311987514214,-0.14405822753906272,0.0,0.0,1.0,1.0
context_ranking,,,,,,,,,,,,merger,-0.8059005737304688,0.29892288481930773,0.6692021644911404,0.03187495068955185,0.024291888657303782,0.0058226530357301355,0.5009613037109373,0.0,0.0,1.0,1.0
context_ranking,,,,,,,,,,,,inquiry,-0.8143310546875,0.28489968157823287,0.6432080147493159,0.07189230367245118,0.015396637725223854,0.003890372146253954,-0.3626098632812499,0.0,0.0,1.0,1.0
context_ranking,,,,,,,,,,,,revitalization,-0.820709228515625,0.27827906804147773,0.6322808514038885,0.0894400805546338,0.0015306565316127972,0.0003845911935966232,-0.10549163818359375,1.0,0.0,1.0,1.0
context_ranking,,,,,,,,,,,,policy,-0.8302650451660156,0.28238453298204724,0.6363337746682232,0.08128169234972965,0.09384246402497433,0.023929954466779087,-0.8725166320800781,0.0,0.0,2.0,2.0
context_ranking,,,,,,,,,,,,report,-0.8347978591918945,0.2973134611387936,0.6677212462599991,0.034965292601207364,0.03481065266005605,0.009066980340288393,-0.3935289382934571,0.875,0.0,8.0,8.0
context_ranking,,,,,,,,,,,,review,-0.846099853515625,0.2883384314721862,0.6719841493912108,0.03967741913660307,0.0009360769565760181,0.0002391097809548605,0.04281616210937467,1.0,0.0,1.0,1.0
context_ranking,,,,,,,,,,,,analysis,-0.8481754378268593,0.2934687131782012,0.644461481684299,0.06206980513749985,0.0723597634146402,0.01824310558988504,-0.46177712239717184,0.39473684210526316,3.0,35.0,38.0
context_ranking,,,,,,,,,,,,improvement,-0.857666015625,0.28052634734794485,0.6613833762956661,0.05809027635638899,0.003417688985967746,0.0008422996832590386,0.1887512207031249,0.0,0.0,1.0,1.0
context_ranking,,,,,,,,,,,,data,-0.8646469116210938,0.28898467223538976,0.6597504122449175,0.05126491551969279,0.09256925814296445,0.024710606115260696,-0.5643997192382812,0.0,0.0,3.0,3.0
context_ranking,,,,,,,,,,,,dance,-0.8766021728515625,0.29092867626667573,0.6717811207331267,0.03729020300019762,0.026589821445965514,0.0065392036732599065,0.08748626708984379,1.0,0.0,3.0,3.0
context_ranking,,,,,,,,,,,,marathon,-0.8905105590820312,0.28681521782286423,0.6987889233314929,0.014395858845642848,0.02735510363972428,0.007046396648787263,0.41216278076171875,0.0,0.0,1.0,1.0
context_ranking,,,,,,,,,,,,audit,-0.8941928545633951,0.2481722966605824,0.6077268930518559,0.14410081028756166,0.04433580316608054,0.009536004199254058,-0.04517094294230136,0.0,0.0,3.0,3.0
context_ranking,,,,,,,,,,,,medical,-0.8985443115234375,0.27893341789284426,0.6818041597000271,0.03926242240712862,0.018533590828438716,0.005148354696045318,-0.05348968505859367,0.0,0.0,4.0,4.0
context_ranking,,,,,,,,,,,,findings,-0.8994274139404297,0.28557890245638307,0.6804089405888507,0.034012156954766115,0.09144311046544333,0.022133290689058956,0.7091083526611328,0.5,0.0,4.0,4.0
context_ranking,,,,,,,,,,,,teaching,-0.9064102172851562,0.26747520290615107,0.6613075479125924,0.07121724918125664,0.04977609866110736,0.014168705997510802,-0.25246429443359353,1.0,0.0,2.0,2.0
context_ranking,,,,,,,,,,,,photographs,-0.9078826904296875,0.2823765306005252,0.7000306260991532,0.01759284330032163,0.0018016961067417736,0.0004601614612517982,0.09180450439453103,0.0,0.0,1.0,1.0
context_ranking,,,,,,,,,,,,achievement,-0.9117965698242188,0.2819779475982213,0.7017838409246153,0.016238211477163263,0.019184223641382298,0.005404670279948999,-0.184478759765625,0.0,0.0,2.0,2.0
context_ranking,,,,,,,,,,,,critique,-0.9221649169921875,0.26932968594920986,0.6772910856154358,0.05337922843535428,0.0023674475176378856,0.0006032142210531592,-0.09982299804687522,1.0,0.0,1.0,1.0
context_ranking,,,,,,,,,,,,nutritional,-0.9228439331054688,0.2756632432184909,0.6936891299424062,0.030647626839103024,0.09033996661316433,0.023191009967697768,-0.8207702636718748,1.0,0.0,1.0,1.0
context_ranking,,,,,,,,,,,,tour,-0.9244842529296875,0.26123244681435576,0.6584541328190612,0.08031342036658304,0.011094729913409146,0.002826197889118603,-0.31662750244140603,1.0,0.0,1.0,1.0
context_ranking,,,,,,,,,,,,investigation,-0.9417610168457031,0.257585467992771,0.6481908654635646,0.0942236665436644,0.026789883909380377,0.007013204408864705,0.21970748901367188,0.5,0.0,2.0,2.0
context_ranking,,,,,,,,,,,,fashion,-0.9528545683080499,0.27565964525009107,0.6891102122005697,0.03523014254933921,0.0624826550141812,0.016493273568850195,-0.5280575102025812,0.9090909090909091,0.0,11.0,11.0
context_ranking,,,,,,,,,,,,competition,-0.9600906372070312,0.26037770917693676,0.6800891834060949,0.059533107416968344,0.003595942438413907,0.0009161231218367148,-0.13268280029296853,0.0,0.0,1.0,1.0
context_ranking,,,,,,,,,,,,excavation,-0.964629226260715,0.26044263867862844,0.6699227987604236,0.06963456256094795,0.05412354156048165,0.0107887035383175,0.01863188213772228,0.0,0.0,9.0,9.0
context_ranking,,,,,,,,,,,,understudy,-0.9646682739257812,0.27178471496523543,0.7131405584992607,0.015074726535503917,0.08903708533873284,0.02281279018133257,-0.8819503784179686,0.0,0.0,1.0,1.0
context_ranking,,,,,,,,,,,,twist,-0.9683419466018677,0.2715555875588979,0.7084716345067243,0.019972777934377753,0.02128790017636023,0.005872409071884389,-0.31626522541046165,0.5,0.0,2.0,2.0
context_ranking,,,,,,,,,,,,plan,-0.9813088399392588,0.29082057007543155,0.6331555136362829,0.07602391628828559,0.21400990664996783,0.057194731813292196,-1.12615289511504,0.7037037037037037,7.0,20.0,27.0
context_ranking,,,,,,,,,,,,story,-1.0143203735351562,0.2494047751569775,0.6877308487488045,0.0628643760942179,0.02287281783464474,0.006051646319900454,-0.2606658935546876,1.0,0.0,1.0,1.0
context_ranking,,,,,,,,,,,,survey,-1.0195541381835938,0.26937862945250457,0.6849596435423905,0.045661727005104964,0.08942566052239377,0.024167113049350656,-0.6294937133789064,0.0,0.0,19.0,19.0
context_ranking,,,,,,,,,,,,assignment,-1.0386695861816406,0.24905448989082923,0.7010069178553837,0.049938592253787016,0.16509339606610873,0.04173493976118993,-1.1891517639160156,1.0,0.0,2.0,2.0
context_ranking,,,,,,,,,,,,article,-1.0634536743164062,0.24927403485274877,0.7202655265529205,0.03046043859433069,0.002086691271527331,0.0005305969085328151,-0.07781982421874994,1.0,0.0,2.0,2.0
context_ranking,,,,,,,,,,,,techniques,-1.0653076171875,0.2407462765090469,0.6985810466520639,0.060672676838889286,0.02954064783495796,0.007586031084697275,-0.45795440673828125,1.0,0.0,1.0,1.0
context_ranking,,,,,,,,,,,,seminar,-1.0738029479980469,0.24907124368254047,0.7089118948213657,0.04201686149609388,0.039181337168194504,0.010458478506503296,-0.38574600219726574,0.0,0.0,2.0,2.0
context_ranking,,,,,,,,,,,,cybersecurity,-1.0847893953323364,0.22366411906110817,0.662488643401187,0.11384723753770487,0.09633819058466343,0.017801809368810376,-0.10388576984405518,0.0,0.0,4.0,4.0
context_ranking,,,,,,,,,,,,resolution,-1.0879592895507812,0.22475771618937726,0.6649373533248071,0.1103049304858157,0.06736389004600997,0.013690426762585712,0.14190673828125,0.5,0.0,2.0,2.0
context_ranking,,,,,,,,,,,,measures,-1.1106791496276855,0.18699453556645862,0.5677939248261389,0.24521153960740247,0.004931171046175319,0.0012532821847416422,-0.21111249923706044,0.0,0.0,1.0,1.0
context_ranking,,,,,,,,,,,,clothing,-1.1230220794677734,0.2440855404103993,0.7094588562353062,0.04645560335429448,0.19437629716577362,0.05350579986636245,-0.9486217498779297,1.0,0.0,4.0,4.0
context_ranking,,,,,,,,,,,,investigative,-1.125518798828125,0.2362212800224419,0.7279903493850864,0.03578837059247175,0.04051832536853104,0.010440422953825586,-0.589073181152344,1.0,0.0,1.0,1.0
context_ranking,,,,,,,,,,,,research,-1.1620839383867052,0.2448156388067266,0.7241620231288991,0.03102233806437432,0.047878462073062254,0.012371716118470986,-0.07018025186326748,0.4888888888888889,3.0,42.0,45.0
context_ranking,,,,,,,,,,,,examination,-1.1824264526367188,0.22933066978237218,0.7481409436122985,0.022528386605329315,0.014841768547129803,0.0038118624819115736,-0.36690521240234375,0.0,0.0,1.0,1.0
context_ranking,,,,,,,,,,,,foundation,-1.201416015625,0.22628593039699513,0.7523603469721285,0.021353722630876294,0.02454264500819894,0.00713242899044737,0.008331298828125,0.0,0.0,1.0,1.0
context_ranking,,,,,,,,,,,,assessment,-1.2053527355194091,0.2182941997720127,0.708609137380172,0.07309666284781527,0.03460568701603696,0.008163342806442122,0.42346959114074706,0.5,0.0,10.0,10.0
context_ranking,,,,,,,,,,,,vacation,-1.2275848388671875,0.21314697880011316,0.7274656692680826,0.05938735193180415,0.027057053063854537,0.0069997886753067375,-0.43099212646484375,1.0,0.0,1.0,1.0
context_ranking,,,,,,,,,,,,results,-1.2361907958984375,0.2176478031551697,0.7492472009376339,0.03310499590719637,0.07563953760923268,0.02035418664012787,-0.6418609619140625,0.0,0.0,1.0,1.0
context_ranking,,,,,,,,,,,,charity,-1.2421340942382812,0.1859625343432827,0.6507742163102179,0.16326324934649933,0.05604708042281854,0.013094345679680408,0.39282989501953125,1.0,0.0,2.0,2.0
context_ranking,,,,,,,,,,,,relief,-1.263434886932373,0.154906489461095,0.547989720191429,0.29710379034747597,0.04096614494780173,0.009601408296792412,0.010406970977783425,1.0,0.0,1.0,1.0
context_ranking,,,,,,,,,,,,project,-1.2660812829670154,0.22468687422148234,0.71536851292193,0.05994461285658761,0.09352111808781,0.022110240271883394,0.5024962927165786,0.3684210526315789,2.0,55.0,57.0
context_ranking,,,,,,,,,,,,methodology,-1.2676925659179688,0.21806562901132498,0.7540329535338426,0.027901417454832433,0.07400434902767931,0.02010106963652271,-0.700958251953125,0.5,0.0,2.0,2.0
context_ranking,,,,,,,,,,,,clinical,-1.3017730712890625,0.2038331219092448,0.7492514942389019,0.04691538385185328,0.05003494786942345,0.013562209870766449,-0.43373870849609375,1.0,0.0,1.0,1.0
context_ranking,,,,,,,,,,,,assistance,-1.3062896728515625,0.16324456103790544,0.6027720650473996,0.233983373914695,0.0078015412258943765,0.0019168933482525238,0.1760711669921875,0.0,0.0,1.0,1.0
context_ranking,,,,,,,,,,,,influence,-1.3165740966796875,0.19757953797834726,0.7370939231479072,0.06532653887374547,0.049894539898311156,0.01294718671003769,-0.6101913452148439,0.0,0.0,1.0,1.0
context_ranking,,,,,,,,,,,,event,-1.3225975036621094,0.22307158804020158,0.7134625700249491,0.06346584193484935,0.06870547489506691,0.016176411096143862,0.23890304565429665,1.0,0.0,2.0,2.0
context_ranking,,,,,,,,,,,,medication,-1.336395263671875,0.20302308343640546,0.7725640730240986,0.024412843539495976,0.014223660702695025,0.003706011647132668,-0.32733917236328125,1.0,0.0,1.0,1.0
context_ranking,,,,,,,,,,,,treatment,-1.379486083984375,0.18908713381001008,0.7512165944618493,0.0596962717281407,0.03919807550759787,0.010347729868115177,-0.4595184326171877,1.0,0.0,1.0,1.0
context_ranking,,,,,,,,,,,,financial,-1.4515833854675293,0.17323959004623404,0.7397105310545955,0.08704987889917033,0.018080325615323082,0.004680110514137145,-0.47896528244018555,1.0,0.0,1.0,1.0
context_ranking,,,,,,,,,,,,complaint,-1.4671859741210938,0.15248697031942537,0.6613380465492869,0.18617498313128775,0.012247049838952511,0.0029105587655400204,0.033416748046875,1.0,0.0,1.0,1.0
context_ranking,,,,,,,,,,,,flower,-1.467224359512329,0.18414454750886233,0.7986680423165193,0.017187410174618376,0.025215160083039145,0.007070387924302724,-0.28781914710998535,0.0,0.0,1.0,1.0
context_ranking,,,,,,,,,,,,exhibition,-1.46826171875,0.17845097324264342,0.7739073079590831,0.04764171879827353,0.0083229496246028,0.0021284003649802903,-0.2525634765625002,1.0,0.0,2.0,2.0
context_ranking,,,,,,,,,,,,guidelines,-1.4724502563476562,0.1701671396790223,0.7406925768143207,0.08914028350665698,0.14608775601417562,0.03828989473019364,-1.0915985107421875,1.0,0.0,2.0,2.0
context_ranking,,,,,,,,,,,,treasure,-1.4828338623046875,0.17907953002533278,0.7889191714410037,0.03200129853366351,0.03948273296698235,0.00883569270500222,0.8014829158782957,0.0,0.0,1.0,1.0
context_ranking,,,,,,,,,,,,museum,-1.513684590657552,0.17624897738060286,0.800129039607611,0.02362198301178611,0.03184016855270648,0.008332244114361691,-0.6125310262044271,1.0,0.0,3.0,3.0
context_ranking,,,,,,,,,,,,layout,-1.544189453125,0.1696557900059411,0.7946971295098768,0.03564708048418216,0.022186122767268168,0.005771207840724846,-0.46863555908203125,1.0,0.0,1.0,1.0
context_ranking,,,,,,,,,,,,study,-1.559903586164434,0.17956318045630457,0.785097621541434,0.03533919800226138,0.08040320602323034,0.02197050466992302,-0.8083853366527148,0.6595744680851063,0.0,47.0,47.0
context_ranking,,,,,,,,,,,,corruption,-1.5641021728515625,0.16967380102033808,0.8107663804760114,0.019559818503650597,0.15045218420656667,0.03993273787714513,-1.2746734619140625,1.0,0.0,1.0,1.0
context_ranking,,,,,,,,,,,,curriculum,-1.584374237060547,0.16149395282041784,0.7624943199578917,0.07601172722169033,0.06739217457385974,0.01886993503344293,0.0817558288574219,1.0,0.0,10.0,10.0
context_ranking,,,,,,,,,,,,troubleshooting,-1.645850658416748,0.11835238211776487,0.6137066970481609,0.26794092083407417,0.052882562375553735,0.01238675377436896,-0.2963557243347168,1.0,0.0,1.0,1.0
context_ranking,,,,,,,,,,,,restoration,-1.6686630249023438,0.15334340869738647,0.8134975642183233,0.033159027084290214,0.023027876299416845,0.006119313231750353,-0.4034881591796875,0.0,0.0,1.0,1.0
context_ranking,,,,,,,,,,,,educational,-1.6751136779785156,0.15663950127306006,0.7673624949618365,0.07599800376510342,0.04799484940992767,0.012946472119389766,-0.2696571350097656,1.0,0.0,2.0,2.0
context_ranking,,,,,,,,,,,,trial,-1.7823435465494792,0.13918082803140328,0.8270552495452611,0.03376392242333546,0.004002787434100729,0.001049905368261408,-0.1253382364908854,1.0,0.0,3.0,3.0
context_ranking,,,,,,,,,,,,logistics,-1.78656005859375,0.12110739506616713,0.7220706601428712,0.15682194479096156,0.017761752595911253,0.0045079482305703245,-0.418975830078125,0.5,0.0,2.0,2.0
context_ranking,,,,,,,,,,,,program,-1.8614091873168945,0.14324188603706162,0.7613413733452553,0.09541674061768306,0.41538698393050033,0.10867143236405845,-1.9066362380981445,0.9375,1.0,15.0,16.0
context_ranking,,,,,,,,,,,,campaign,-1.8826772054036458,0.15267949425441688,0.7888350670499615,0.05848543869562155,0.06946731853264322,0.01690604915618706,-0.01885426839192704,0.9333333333333333,0.0,15.0,15.0
context_ranking,,,,,,,,,,,,conservation,-1.9197804927825928,0.11783352582272007,0.8052260939787746,0.07694038019850531,0.05609841411092027,0.010748146196431817,0.22411751747131337,1.0,0.0,2.0,2.0
context_ranking,,,,,,,,,,,,initiatives,-1.9241862297058105,0.12006663839187316,0.8224051347413025,0.05752822686682438,0.004225381991472984,0.0010899871280605077,-0.2744746208190918,1.0,0.0,1.0,1.0
context_ranking,,,,,,,,,,,,sustainability,-1.9585113525390625,0.1072471010523929,0.7602496606319905,0.13250323831561664,0.0027272933021876347,0.0006748309547615398,-0.12453460693359397,1.0,0.0,1.0,1.0
context_ranking,,,,,,,,,,,,reform,-1.97235107421875,0.11672469578890945,0.8389651842230915,0.044310119987999164,0.059163953629624635,0.0158085556621244,-0.891876220703125,1.0,0.0,1.0,1.0
context_ranking,,,,,,,,,,,,therapy,-2.0053939554426403,0.1282914118581405,0.8414746312442366,0.030233956897622885,0.11087814784078491,0.031008225816476664,-1.1136703226301405,1.0,0.0,9.0,9.0
context_ranking,,,,,,,,,,,,lesson,-2.006591796875,0.11715473571934129,0.8713880372728132,0.01145722700784542,0.046784570478972595,0.012746303471005268,-0.7430191040039062,1.0,0.0,1.0,1.0
context_ranking,,,,,,,,,,,,therapeutic,-2.0670799732208254,0.12151976594189084,0.8391635502123453,0.03931668384576377,0.06047985596843636,0.015814695128941396,0.2980475902557373,1.0,0.0,10.0,10.0
context_ranking,,,,,,,,,,,,intervention,-2.069610118865967,0.10590555991091578,0.8389556727297515,0.0551387673593328,0.024130398590977074,0.006454152634863795,-0.6582560539245608,1.0,0.0,1.0,1.0
context_ranking,,,,,,,,,,,,workshop,-2.0952987670898438,0.10361253388749783,0.8421490967297453,0.05423836938275685,0.0223745211239525,0.005914683441712091,-0.45092010498046897,1.0,0.0,1.0,1.0
context_ranking,,,,,,,,,,,,marketing,-2.1057357788085938,0.10609478782890186,0.8713717535540583,0.022533458617039946,0.0650491281180212,0.017680406681614306,-0.9103546142578125,1.0,0.0,1.0,1.0
context_ranking,,,,,,,,,,,,response,-2.1157078742980957,0.09270986699378067,0.7690706064863957,0.1382195265198236,0.017550478391196948,0.0045493475724542615,-0.2896885871887209,1.0,0.0,1.0,1.0
context_ranking,,,,,,,,,,,,initiative,-2.1184943143059227,0.10622767369860597,0.8478968050569728,0.04587552124442114,0.023581966811794516,0.004861753344055801,0.1947452601264505,0.9411764705882353,0.0,17.0,17.0
context_ranking,,,,,,,,,,,,preservation,-2.152855157852173,0.10333347377515001,0.8435193875942613,0.05314713863058871,0.01170643489103545,0.002771638376939883,0.1502225399017334,0.0,0.0,2.0,2.0
context_ranking,,,,,,,,,,,,collection,-2.162348429361979,0.10908753625140949,0.8818490043754723,0.009063459373118187,0.018387102040781627,0.004903025896558806,-0.38833896319071454,1.0,0.0,6.0,6.0
context_ranking,,,,,,,,,,,,technique,-2.3643643856048584,0.0850796054320806,0.9050151992546623,0.009905195313257011,0.08305196931670802,0.023113409092268705,-1.1579968929290771,1.0,0.0,1.0,1.0
context_ranking,,,,,,,,,,,,approach,-2.3706895112991333,0.0849354868061971,0.890888250238068,0.024176262955734988,0.11800035206222706,0.0332937383667512,-1.1604844331741333,1.0,0.0,2.0,2.0
context_ranking,,,,,,,,,,,,wedding,-2.6913223266601562,0.060617277089097414,0.8941756922029114,0.04520703070799125,0.09404809412253931,0.026717041788360957,-1.4502716064453118,1.0,0.0,1.0,1.0
context_ranking,,,,,,,,,,,,counseling,-2.7195473114649453,0.06327893464971382,0.9208488389765389,0.01587222637374718,0.013126110570356056,0.003665914816204881,-0.31707386175791413,0.8333333333333334,0.0,6.0,6.0
context_ranking,,,,,,,,,,,,wardrobe,-2.7256011962890625,0.0610296056460166,0.9316528634396422,0.0073175309143412946,0.061870489320874356,0.01749721817636191,-1.108902215957642,1.0,0.0,1.0,1.0
context_ranking,,,,,,,,,,,,message,-2.7909011840820312,0.05702723624407847,0.9292986544423395,0.013674109313582197,0.07387789392944846,0.020911980085914453,-1.2984008789062498,1.0,0.0,1.0,1.0
context_ranking,,,,,,,,,,,,session,-2.9485244750976562,0.049102634811223546,0.9367694217712814,0.014127943417494924,0.010195157328886567,0.0027301155266253483,-0.5386581420898438,1.0,0.0,1.0,1.0
context_ranking,,,,,,,,,,,,guide,-3.2810440063476562,0.03600496250127429,0.9578591887472225,0.00613584875150316,0.0412890876884083,0.011806671510971844,-1.1900100708007812,1.0,0.0,1.0,1.0
